user_id,orders,avg_rating,last_order_days,actual_churn_flag
1,5,1.056058070104228,10.838058379198689,1
2,4,3.2674337331763788,16.834523559872547,1
3,4,4.729067535683889,19.08633409117198,0
4,5,3.663788664321857,5.13687615141979,1
5,5,4.290629873921709,0.9468293823907288,1
6,3,1.0531248138343203,88.06898868003888,0
7,5,3.1680611939189043,8.261246947519595,0
8,4,2.8382519100220875,8.231088480574071,0
9,6,2.995871776883172,2.6118376521650224,0
10,7,1.2888527413407518,79.14498761862069,0
11,2,3.73774144427723,26.00624540096647,0
12,5,3.012881659434538,32.99170431556572,0
13,5,4.060595399445056,72.76865661635912,0
14,6,2.9411625362468614,12.722019438479288,1
15,4,1.5975265449057283,29.14675567127874,0
16,6,3.593027816311288,1.187166235150318,1
17,6,1.689545448420665,6.202332464864017,0
18,1,4.48957825341926,53.379362724366125,0
19,7,3.452464956276966,43.67169421438371,1
20,2,1.628815534227817,12.953164839663833,0
21,11,4.849352229924827,14.187145143719537,0
22,4,3.0734618533412825,22.878418515158312,1
23,3,1.29159380748662,0.007231011942919,0
24,8,3.507331617660269,8.282264153310589,0
25,3,2.012795628051241,7.004598529371947,0
26,3,4.21477380750921,8.649786265883623,1
27,5,4.271288294264762,49.1823566968852,0
28,8,4.915789423418648,9.841535775489769,0
29,3,3.007478124098015,6.378029180073921,0
30,2,2.8198275189109485,21.051319929965054,0
31,5,4.0139024217859225,60.21809997323984,1
32,3,1.5298826253677065,8.286430518900692,0
33,8,3.187662055172497,2.453754985810826,0
34,10,3.184990400523404,13.220556667956837,0
35,3,1.3578924912415489,41.30836489551424,1
36,2,2.6719363420276543,24.001302558065465,0
37,5,4.413139194268808,50.91421905351808,1
38,7,4.424614487978641,96.2619344038082,1
39,6,1.396950659678724,47.20221799565314,0
40,6,1.3628835309913234,27.77531747043389,0
41,2,2.050781908007741,20.397547384538694,0
42,4,4.499064250215974,1.2268188616790163,1
43,9,1.5156103402939958,124.66486415696492,0
44,7,3.879987210509785,14.50999009590893,0
45,11,1.4046624784524129,4.954313987836613,1
46,8,3.492551414991301,32.96216588602968,0
47,3,2.4242691964765792,10.03433494510731,0
48,2,4.155655851863468,26.440616131980157,0
49,3,1.9347617953014544,26.512376321614365,0
50,4,3.55680731755984,17.703090696449692,1
51,5,1.94273013830354,54.25837135077544,0
52,5,3.854641132448615,9.235198996894365,0
53,4,4.494712138242996,17.860616675155647,1
54,3,1.5072071965070402,23.14572664521837,0
55,8,4.466382754382014,32.68583519436555,1
56,2,3.374301017657192,45.97039674167189,1
57,1,1.508441963468096,15.06624992932544,0
58,4,2.710167421438848,31.15772955252799,0
59,5,1.6434411739403916,4.897138687544133,1
60,4,3.801391555466278,80.9347252121752,0
61,3,4.035472537671799,14.489447095913926,0
62,4,1.4231860810911958,39.226871334886056,1
63,8,3.0245594107785774,0.6165243190609706,0
64,2,4.258500224103669,6.8894577575689855,1
65,2,4.744652166203986,20.02921055616514,0
66,2,3.05407146696708,63.17417358221088,0
67,7,4.801116894445628,22.47598395316822,0
68,6,3.1427558818241192,79.72234480793071,1
69,7,2.576761978399632,19.837649390145597,0
70,6,4.392812514211582,20.22676569116713,1
71,7,2.971930841832356,3.826370176766776,0
72,6,2.887610042258092,48.68424352094446,0
73,4,2.961249957639313,8.509323577753854,0
74,2,4.3871400074789815,68.96152426802838,0
75,3,4.327766166752209,72.51437413903034,0
76,4,2.614079969760845,86.10478272254943,0
77,7,2.3331994394821,22.03348428113035,0
78,4,2.967712096156517,33.911800598642444,1
79,3,3.291090038948436,45.22213156043042,0
80,2,1.953348842511988,4.212869287224811,1
81,6,4.175820338862362,27.560597614152307,0
82,3,2.9459310629296915,1.046996363185438,0
83,5,2.3361821936798384,20.64873470784896,0
84,9,1.4272839718559625,5.046974800683749,0
85,6,1.955380641614428,6.060655521118967,0
86,6,4.797124687023935,13.626155732175848,0
87,9,2.2203987472781064,16.992114489397167,0
88,4,1.6754371574681413,29.279026669701206,1
89,9,2.842691166619973,2.320314188848893,0
90,2,2.2283509734409948,21.016742884760813,1
91,10,1.1406370010847766,6.049723573682597,0
92,6,2.292580869117669,25.59772979511863,0
93,9,3.1764344957578743,30.434031021373663,0
94,4,3.206849488079868,24.40588255385007,0
95,1,2.426235684707555,40.2161794311247,0
96,6,2.7892110250104025,12.266544450228476,0
97,8,4.862071672939066,43.45870347464172,0
98,6,2.5093939089212465,17.00955806902959,0
99,2,2.032907253039932,19.860183969819552,0
100,3,1.9738681762670405,31.33242839236608,0
101,5,2.8310584508165366,0.5558697118594199,0
102,3,4.038080594867776,31.83899408898979,1
103,3,1.8239527367538928,28.91602945920765,1
104,5,3.837184508563072,11.12526408033118,0
105,6,1.0845992933976651,2.690989848803223,1
106,5,2.675731911935784,2.8601752538709144,1
107,3,4.103460260811147,77.00579676537689,0
108,5,2.3549318230977256,35.065827280836416,0
109,3,3.254948405781598,4.078118147949712,1
110,3,1.8199169313036432,13.235403526491606,0
111,6,3.967981564504689,26.930178432455648,1
112,5,1.2091164130750385,54.15842103045318,0
113,6,4.410170579502001,1.3392825520601834,0
114,2,1.7927855456866726,8.100496184847835,0
115,4,4.497592126833323,66.14986819135711,0
116,7,2.4101169652020693,0.2762343682195466,1
117,6,3.8907342978979456,6.746818826397823,1
118,5,2.276901191144754,95.84319132214874,0
119,4,4.62364668493859,28.51108465593566,0
120,3,1.5065485020734974,9.100987525207934,1
121,3,1.7140791570903948,2.080215991579163,0
122,7,2.972120500635209,0.8578903863484318,0
123,7,1.3277537561525845,8.4209983156992,0
124,6,1.7839207388070475,63.98167978949935,1
125,6,4.7750655288480575,16.131193645580453,1
126,7,4.905958644591548,38.22470967928094,0
127,8,2.505037317321688,75.13554385214807,0
128,6,4.693144084055742,15.729509812079092,1
129,3,3.179298702693727,6.368978321152694,0
130,7,2.078969863495068,21.839484552213328,0
131,5,3.8095948843223946,71.60630273590033,0
132,5,3.635607226299429,48.94658168606844,1
133,7,4.956501276434933,2.0429003037836297,0
134,4,2.060189149637133,35.3855090395388,0
135,9,3.6882380106469417,25.451780356585516,0
136,4,1.2080950201177876,71.40445860389445,0
137,5,1.4545841547868776,3.9197143946332513,0
138,2,1.015673499804373,22.90941432020413,0
139,6,4.9978427242386925,63.47387929665405,0
140,3,4.209094788589911,15.830191782195993,0
141,6,4.146892058934164,19.7331067633282,0
142,2,3.038904301152719,2.191985036771824,0
143,3,2.20026833162176,9.77787323616806,1
144,5,1.6050571378507037,11.769358948789112,1
145,3,2.138698955385854,87.07952749641045,0
146,4,2.5038848877165565,9.966468409985833,1
147,5,4.025240387921176,18.533886117004485,0
148,6,3.1586471556126097,33.37869768474488,1
149,3,1.3099345062219308,5.308680718022492,0
150,3,1.072116035835649,19.99179178481921,0
151,4,1.4093287181362526,40.24410891482834,0
152,5,2.6419948547895173,60.489543570749845,0
153,4,4.732771668196073,29.52578909206342,1
154,2,3.5496099248368864,33.17395783113085,0
155,6,4.20730359950206,4.049978858327814,0
156,6,2.865498378018194,87.43922503157158,0
157,8,2.446664332780171,4.266754881605031,1
158,1,1.433601490866491,44.70606959173066,0
159,6,4.50373208874482,9.229047259417984,0
160,2,4.132640116111611,81.35864910957501,1
161,5,1.6724723903909005,38.1846355200142,0
162,2,3.049042255505042,42.050002959424624,0
163,6,2.9494992316849795,7.417676933235474,1
164,4,3.5003662107461144,17.557854389050497,0
165,3,4.784747575965045,28.85537311520423,0
166,5,3.3190857670499185,44.08683819561955,0
167,6,3.1608690671144744,3.293085829545348,1
168,3,1.2012917317386558,98.3948765714327,0
169,4,1.2516299040720955,66.27849072137676,1
170,8,1.7493871653071555,9.45565140348294,1
171,4,1.1298830867669931,51.907557115696505,0
172,10,3.9734115822800495,21.914502910590443,1
173,4,3.893321215975853,18.58611251393791,0
174,5,1.5442249377265718,11.325319766056758,0
175,10,4.344315603181124,26.09428168891923,1
176,3,1.619144139384448,39.26768187347611,1
177,4,2.204702347989435,15.876455650272156,0
178,7,1.99590759664546,29.764326231288727,0
179,5,2.489228394292191,36.05055480493966,0
180,10,2.0186550635598475,37.25250575683643,0
181,4,2.955803705753808,1.6009504770462435,0
182,2,2.6296315254187417,58.92939266887354,0
183,3,4.946277963117306,18.388702716279084,0
184,5,1.2237054005129029,9.131262291327465,0
185,8,1.5687255055494065,8.302837963242885,0
186,4,1.21130357563441,19.792191072503915,1
187,3,3.503364779929503,65.36633307752989,1
188,8,1.2180371096548783,14.261224662952197,0
189,6,4.345758949504493,41.55593848598932,0
190,8,3.047754522727711,3.0549601449889177,0
191,3,3.108030498326135,19.391154321845764,0
192,3,3.246378030848777,143.694939737963,0
193,5,1.683254825224843,44.14743823201515,1
194,11,1.7907612124579502,7.091745902783811,0
195,7,2.2752692914920187,20.88102874959048,0
196,4,3.3739856632874057,7.982500934925822,0
197,3,1.840471103760858,15.806664833242657,0
198,8,1.465326908533045,45.435291949504006,0
199,8,4.880467545673729,44.25046451386844,1
200,3,1.0879272592384917,7.767022818021799,0
201,3,4.210789621344087,76.61740835810136,0
202,6,4.152140598300088,26.936450399070107,0
203,2,2.188856455380384,14.337410911391837,1
204,7,1.5425064640292536,20.9107756338452,0
205,5,1.5825145868216937,27.87149756408858,0
206,5,3.78972646894877,24.621953752609944,1
207,6,3.571226364344694,19.98960993141958,0
208,1,4.130982697005547,21.09185328936624,0
209,10,4.749924689596419,5.822542960678582,0
210,2,3.767709453066368,50.25658085936639,0
211,5,1.6234061462057738,23.410887385363715,0
212,4,1.9737704670616427,4.215121759072007,0
213,5,4.368774923492458,43.59317290147351,0
214,4,1.8372243033368345,80.84394226069529,0
215,5,1.2900892678179257,88.29812241952055,0
216,6,3.813120216169002,13.81432556741169,0
217,1,2.610105421960568,4.368704770145284,0
218,3,4.680160210183614,21.91921829172772,1
219,2,3.601020284374646,3.5840952159006245,0
220,5,1.361675911166643,81.53729779578975,0
221,4,4.791426269014643,6.084776823412053,0
222,7,2.034229054560984,8.741301074033185,0
223,7,2.348849961625143,15.658443848081342,0
224,2,2.609041654734168,14.494585568843648,0
225,6,1.204897185617253,47.4930666931964,0
226,7,2.9860616889224194,18.281657775006703,0
227,2,1.493273964301169,5.617668638968158,1
228,7,2.603881306753407,9.32687908136658,0
229,5,2.402839151968337,21.346263147526173,0
230,7,4.091360333706014,4.785840464409217,0
231,6,4.212682046530924,28.37588696980486,0
232,5,1.613651529556352,25.023860140490825,0
233,6,2.466204749516905,37.62666419718766,0
234,5,2.4934126441273268,83.27603817206816,0
235,4,1.6056417757443402,72.99946189043496,1
236,7,4.193814020204762,87.60517645231928,1
237,1,3.828913313341693,8.419827239404482,0
238,8,1.761527145188139,4.231886726312083,0
239,4,2.466887634375196,10.797980215917622,1
240,5,1.4232200994260569,67.63819281610114,0
241,3,3.512826388372176,107.3238720839152,0
242,7,1.485487698194479,58.83907997529728,0
243,2,4.943736674499672,3.4966118350034443,0
244,5,4.122728298751449,88.36714750370007,0
245,10,2.5609541983359803,16.516011092126778,0
246,7,3.3142557291174177,0.2806170726584488,0
247,7,4.6453672648656354,17.52306582764523,0
248,10,3.2163971215833045,1.41492345190102,1
249,1,1.6979939455918207,23.549843656366523,0
250,5,2.514813422324637,12.399809186781756,0
251,3,4.372579460118981,19.241411163796805,0
252,8,3.576852063958472,28.493126745335037,1
253,7,3.602897537335201,60.931222643310015,1
254,3,4.467285942753957,32.53254696053373,0
255,1,4.575892229850019,17.07742633721788,0
256,5,4.679170287117746,51.34874635235316,1
257,3,1.3793967730126244,70.8007500932114,0
258,6,3.176504007852404,3.8268192985695153,0
259,3,3.9620380848732735,22.77431348882494,0
260,4,4.027707380508055,10.043711860466225,0
261,5,3.4268648078800155,1.4461378026074256,0
262,8,1.667149340734697,33.128050180508566,0
263,7,4.189682215766657,59.58307782270872,0
264,5,3.880445334059783,5.334447370827816,1
265,4,1.3445430861961452,50.205481406800594,1
266,6,2.855239298697505,57.60055161611064,1
267,8,1.6959095980872143,73.72123423570376,1
268,4,2.3499081828518875,9.248181939609813,0
269,3,1.0723243688227415,70.28754908151204,0
270,2,2.601319473643033,11.599127862000117,0
271,3,3.199507684624842,24.11150476984679,1
272,9,3.4783303713083478,1.554828508076302,0
273,5,3.65396138051484,1.3461896734298775,1
274,4,4.34516525240984,38.228984025982086,0
275,7,1.86185162910292,17.635518819230818,1
276,8,1.4819272897538718,8.883218970953813,0
277,4,4.406148687591703,6.336949517373739,0
278,4,1.6264512595705996,33.25565092986057,1
279,8,4.899040325344782,0.0120487399718954,0
280,5,4.370152917594548,49.18008881069615,1
281,5,3.0035064235583966,2.476988876584127,0
282,6,4.925685699688101,6.376852654786614,0
283,7,1.3895069164320168,14.64436300800856,0
284,2,2.2122630447004066,19.89942372348396,0
285,1,3.552897660162446,13.15492169500648,0
286,7,2.400027473892715,11.601309931885352,0
287,5,4.713490207923167,99.6571817932034,0
288,4,1.2625043527112705,30.78146719587202,0
289,4,3.1976473282438582,0.7113561877305005,0
290,3,3.363465069580458,16.87282731268868,0
291,8,3.610912495108896,62.38533426160943,1
292,7,2.0226648933272577,10.76272130997322,0
293,1,2.458265710079458,2.979906859063953,0
294,2,4.374722118659911,42.61226350227582,0
295,4,1.779771075880639,27.94318430211609,0
296,6,4.307471388693449,25.340912907046665,0
297,4,3.2506216916109696,1.6519559600910545,1
298,6,4.0487500447763285,4.542099062685814,1
299,8,3.854429465053886,29.22946709251346,0
300,7,1.830045981539516,6.989144684983386,0
301,5,3.2752509457354915,21.03961956164782,1
302,2,4.4708926112203695,23.61593589386043,0
303,1,2.7284649472077174,10.001612011027271,0
304,7,4.866363080893267,88.94163707581633,0
305,4,2.808860400406872,55.44305860718039,0
306,1,1.5711425466715387,38.444358639106646,1
307,6,2.557738720310693,2.436102088898969,0
308,5,4.806809625562149,3.365848495622641,0
309,8,2.278883397359417,20.36439293634052,0
310,5,4.472392639468252,5.256089195044927,1
311,4,4.525002726727559,114.86558223529852,1
312,10,2.4007460973278443,5.177799324911868,0
313,7,1.3330306322025285,20.0517542960583,0
314,4,3.898231636635273,13.582412241147448,0
315,8,2.246049196055944,30.5984494049354,1
316,5,4.13169445703029,4.144653127623173,1
317,5,2.7706193930417324,16.880226276466953,0
318,5,2.9410669693704863,9.635305667055588,1
319,2,4.111637626994147,65.61121005819885,0
320,3,2.529453324246512,1.2429689257268015,0
321,4,2.772509381291658,73.50732954161391,0
322,9,2.504761875078489,53.691791060888754,0
323,0,2.46936206110912,10.59631640441655,0
324,5,3.1037863076058376,46.71826816390898,0
325,5,4.235197778004602,0.9513325166344696,0
326,5,2.4470732476902635,102.21545283590956,0
327,5,3.097018882150947,22.4341169638359,0
328,4,3.6829093017704033,10.841194299216223,0
329,9,2.07775778521462,13.50994620088674,0
330,6,2.1100912196095702,2.0613879671525406,0
331,2,4.733652508093819,136.26449274036713,0
332,6,3.8941382933243545,1.2025412774146744,1
333,6,3.3087467048932355,31.918250697412365,1
334,6,3.590880217682448,17.541481617858377,1
335,5,1.1171977724136737,89.22864640597396,0
336,2,3.4724118622467874,8.470876996606327,0
337,5,3.038035492896808,22.78417564532251,0
338,3,3.1829987191177427,19.7540380388052,0
339,3,2.4376953073232683,36.40720673771084,0
340,3,1.3258955908517676,2.113003285395945,0
341,6,1.7733569344482087,6.462298362367114,1
342,6,4.802978852850687,7.245520364914655,0
343,4,2.634798249083736,40.19959022959087,1
344,5,2.8667326233234567,6.289747751720796,1
345,5,1.210839159413756,25.56370803939011,0
346,7,1.1502649181759224,7.271466264299213,1
347,5,3.868725788187031,59.33362581670034,0
348,3,3.152378656484445,85.51544647603701,1
349,4,3.0348239368650667,21.92503373720889,0
350,7,1.9724981216906747,13.030241083108262,1
351,5,3.979002926519689,7.999456091727925,0
352,7,1.6729463164339675,1.5318838872511138,1
353,8,1.75973897464408,9.379744880641628,0
354,7,2.842848685393102,31.859945434266205,0
355,5,2.145119448447764,22.88243840177225,1
356,8,1.9898519249325852,86.49422916621442,1
357,4,3.580950578213326,15.13920690901923,0
358,6,3.603886980874178,35.51171049074953,0
359,8,4.2980682791997165,20.160524642316084,0
360,6,2.6708342678919035,21.5586402337206,1
361,3,1.292340364104601,9.34999497471829,1
362,8,2.0946655396858307,18.206375120285745,1
363,4,4.920021852787268,19.09081490481225,0
364,7,3.3850343009308084,36.79090054037748,0
365,2,3.838948339204081,84.72403999235976,0
366,10,1.029431318501658,11.983951820143876,1
367,6,3.0728229287300834,1.2935034090123416,0
368,4,1.1501146301272125,20.572942466738823,1
369,5,3.276920848365792,23.588240246533008,0
370,6,4.683083398544301,5.5335746091634,0
371,4,4.873676522001631,42.87162273964465,0
372,5,3.1622107015556966,125.84970320835455,0
373,6,2.832819221008864,87.43824010331767,0
374,3,4.780068376993976,6.585978812542899,0
375,7,3.694439327986781,62.47055073799664,0
376,7,1.2595971181536378,36.57194722146061,1
377,8,2.8629023106699902,18.14565972140766,0
378,4,1.960980073857216,23.33573762804984,0
379,7,2.8792172857947262,56.83374092742808,0
380,3,2.821862288025447,19.62558001160995,0
381,4,3.328579211258968,14.0141857583479,1
382,4,2.427081961397005,20.39197639502744,0
383,0,1.6570817978237122,25.96292447894203,1
384,1,3.014877738359825,6.287489403077659,0
385,1,4.320811537383048,69.35111536203114,0
386,7,3.656048912270409,33.64294574326686,0
387,5,2.353471463700864,30.093793329151207,0
388,5,4.742092091035429,3.1440277071152414,0
389,8,4.648830284996729,27.803412060912454,1
390,3,1.837393597536395,3.867768883233193,0
391,5,1.157670340481452,2.459011184237392,0
392,3,3.965234833403049,22.479521737580612,0
393,5,4.3104410453966135,15.464369719424118,0
394,1,4.871458263805421,26.661016236418284,0
395,7,4.559345576353243,2.8036885258259265,0
396,2,3.4021390728256597,16.915352363213735,0
397,4,3.1202093568495237,5.763401965256052,0
398,6,1.1113642050503452,130.51603885262773,0
399,7,1.9866257873791116,24.70794282049594,1
400,9,2.8384590069317057,34.888463556743886,0
401,4,3.5140156003342717,11.809873658187376,0
402,1,3.229007333273642,2.985956547944636,1
403,4,3.970543958726762,111.73005466866302,0
404,6,2.1190677235481634,10.117055313683183,0
405,3,3.259810430609893,16.539439856128553,0
406,4,1.3525689735631683,31.483002147732652,0
407,2,2.654662094332828,0.7502217676967013,0
408,6,4.000643331818404,49.8628794759695,1
409,8,3.773603413716176,23.07352808948013,1
410,7,4.962570948688716,9.7809299537209,1
411,2,2.111564503951024,1.907624734658416,1
412,6,2.992757196695917,5.319963699416674,0
413,9,2.318121655095987,67.62352338295639,0
414,3,2.762412456236699,34.75318327027375,1
415,8,4.427800519477552,8.626531296570167,1
416,7,3.7368363007539465,2.0355445667061485,0
417,6,4.529764765390327,35.19509497955095,1
418,10,1.8140444333275456,25.4875550462164,0
419,5,4.493444471365752,15.551600321639384,0
420,5,1.2390490967135377,13.558379197100743,0
421,5,4.554397121748609,7.331562468746997,0
422,5,2.316295117842912,33.22455922017509,0
423,4,2.258350533656266,105.8723146893725,0
424,10,3.048354306794656,5.797176999880793,0
425,3,4.762760750892927,27.273244158147342,0
426,2,1.1911254587256217,16.559068417308907,0
427,6,2.408923900282981,17.755036370061823,1
428,4,4.426287954733343,8.796813741430007,0
429,4,2.584217909741867,52.31220960839205,0
430,8,1.796627590388268,19.92254460773455,0
431,5,2.699176725325647,23.518810856170653,0
432,4,2.542210005966677,10.904984466353492,1
433,7,4.661664805866813,6.019764607101348,0
434,4,4.047737502972389,2.694800063765072,1
435,2,3.0204622229760254,37.565403948449735,0
436,2,4.953482266886285,6.553423422033927,0
437,3,2.861110125103693,35.14278267238732,0
438,3,1.232951323281101,14.847409109451714,0
439,8,2.04909728725994,16.124062672212595,0
440,6,2.7442819208772504,18.99982743644212,0
441,0,1.6276104965844804,13.752143095438791,0
442,8,4.790260505296172,3.1814884984205247,0
443,5,4.067395591271092,11.11590645053388,1
444,4,2.0731488017110906,32.69561514600881,0
445,5,3.363218134071664,32.8790696900907,0
446,7,3.885796628438288,10.115595653944032,0
447,6,4.765115715627192,18.49128619999064,0
448,3,4.526541396701642,6.449578506550316,0
449,4,3.0607689045528548,7.085803012488963,1
450,2,4.09861047917207,0.6995047511100766,1
451,4,3.24857901531034,68.11705898286489,0
452,1,3.2108155601821604,7.098517397681728,0
453,9,1.4589678333527676,7.745013744338106,0
454,3,1.5045506320646085,9.838519630871897,0
455,1,3.1181344600898298,4.088618055062178,0
456,5,2.0754461799160264,30.58817382540909,0
457,4,1.0841476098418743,2.343482921658956,0
458,6,3.891356815600849,4.323124391637618,0
459,5,1.1299463867606598,31.04857340972785,0
460,8,3.381107364416218,12.450040941938584,0
461,5,3.156775176509257,36.92468450980783,0
462,7,4.875258762311217,24.45434281356348,0
463,4,2.9368525573905666,8.872281089100174,1
464,1,1.2544057455111894,31.565714991393072,0
465,5,3.2067518712258467,3.708235721094669,1
466,4,4.364384682464406,23.062666932073338,0
467,3,4.987397137125759,17.242162484190253,0
468,2,2.72137269475629,9.354062365886053,0
469,12,2.28119496998697,27.79061065084769,0
470,5,4.626613187807996,61.51596633584457,1
471,10,1.7649685163044857,204.50180292976705,0
472,6,3.4617156601317065,28.076653213900197,0
473,1,2.622857696723791,15.5609900015469,0
474,6,1.1643294598222211,7.65478534276392,1
475,2,2.389153897222791,8.915657065983321,0
476,4,2.0609140900106984,19.586366920711843,1
477,5,3.7443646157739474,13.731709791073609,1
478,8,4.795161990767673,73.53760774300741,0
479,4,2.072188749514551,13.780005187998151,1
480,2,4.245863756606727,14.025541999501256,1
481,1,1.221439267753638,14.51258817551888,0
482,8,3.1524840401592527,54.350333719998346,0
483,8,1.2822002548395783,31.562310303611078,0
484,4,4.736131964522557,28.57066323839031,0
485,1,4.065405122229561,12.20041139482765,0
486,9,3.63179964481837,51.09666688612977,0
487,4,4.295585526498657,1.1735740236760477,0
488,2,3.5900791822806526,61.39115405835636,0
489,4,4.875777588697165,21.569332048143288,0
490,3,3.855831791459086,15.237407778590292,1
491,8,4.698634438328988,20.6249319070165,1
492,9,3.068527568042552,33.02584222927623,0
493,4,1.4682576519274506,0.3854281405086722,0
494,4,3.1127108856920684,61.56690024900688,0
495,5,1.5074913122523732,17.757791016561438,1
496,11,3.36997391670562,12.600609073058973,0
497,8,2.929972242110652,4.463547834899209,0
498,6,3.490301591331127,17.365927860980147,1
499,2,1.0401879242193264,20.5745890584536,1
500,8,1.7793619666214564,15.507659792279842,1
501,7,2.9653217276485235,34.05767455060054,1
502,6,4.802014246356539,16.388223317073848,0
503,5,2.5344361614206337,97.64875472570016,0
504,3,2.6974881042145387,27.434584669819923,0
505,5,3.8587843560264887,49.42633535497752,0
506,3,3.415171029144472,3.474311208969309,1
507,3,2.195704600393333,15.189638155530815,0
508,7,2.643265582269711,12.32251811804295,0
509,4,1.8707991954289296,25.283011370980013,1
510,4,4.864085836520834,59.22295111844072,0
511,6,1.522537526229439,2.447308598064056,1
512,6,2.4873471382656778,2.2602939763396184,1
513,3,1.1033558888800448,56.9772085655822,0
514,4,1.8871179677341856,7.180096824754243,0
515,6,4.121884553520619,33.14675179452369,0
516,6,1.8047009291555176,23.484157645289955,0
517,6,1.3202536101158624,53.67373539298266,0
518,6,2.897812719378093,4.008990270866958,0
519,3,1.039876938938074,4.170379012739847,1
520,5,1.3390646177053327,24.413267130836974,0
521,2,4.230503478251901,87.77424095849385,1
522,5,4.085893379438426,16.084187997382724,0
523,3,4.660555281619584,11.877717621809197,0
524,3,4.418061743642998,27.99466359600345,1
525,5,3.732702252959272,79.97067717745051,0
526,11,1.2093314292026514,54.40687298618238,0
527,7,4.13139447194663,162.00127317479064,0
528,7,4.382043243362242,0.6848145428381264,1
529,4,4.196328583087817,3.5925114724924416,0
530,1,3.0339161412321043,28.20734282734472,0
531,4,1.9316073545979269,51.54018022868806,0
532,5,4.381319902754907,10.074435965570215,1
533,4,3.908651238960554,8.201980261038909,1
534,4,4.923044697555406,46.390485053943166,0
535,7,1.6227703910237317,1.7410110261538747,1
536,6,1.90265833220822,13.831680448110877,0
537,8,1.8471925995260108,21.145009417850183,0
538,4,4.170159070485347,24.653199237690373,0
539,3,1.7476291858004729,39.12652139504839,0
540,0,1.2666393192932244,13.147974069233062,0
541,4,4.9942432263425145,28.45545814727484,0
542,1,1.0992688457805966,26.41145404230721,0
543,4,4.340976240635463,23.796723743813928,1
544,3,2.461467366202611,30.68983891252298,0
545,5,4.3664618390312615,9.010830187903595,0
546,6,3.21848196484458,2.653422345129331,1
547,6,4.606524917945441,3.8101820523030994,0
548,4,4.704771945658507,7.630606010116562,0
549,4,1.036392725123104,20.806293899494317,1
550,5,1.301648703971153,55.06057471234539,0
551,1,2.001434918283422,36.24879793144138,0
552,9,3.677261665454007,46.68268803002904,0
553,7,4.553088786046024,12.96855010642411,1
554,5,2.839767805175851,15.558362876781796,0
555,4,3.4278924650970617,15.010514701091866,1
556,5,1.7539994111822446,6.39108848345924,0
557,4,4.219867335526741,1.895116777321421,0
558,1,4.869312445413879,26.815049759053835,1
559,3,2.07439573165839,135.89265301173137,0
560,7,2.9793038064021853,5.475516656263009,0
561,6,1.3444644420254952,1.4342911761009571,0
562,10,3.2365466258518736,45.36003828478917,1
563,4,3.0111337673867222,8.73408118341305,0
564,5,1.5777459366203104,53.09591313910323,0
565,6,2.7682648524723,36.5154565447081,0
566,6,2.336418608346253,87.38231470879863,1
567,8,3.0873235012207574,15.774484458229953,0
568,4,3.3426173417151968,32.538604652565546,0
569,3,1.033982314428838,18.75651393559447,0
570,3,4.044023931798222,29.87533842758653,0
571,9,3.8520571674469632,17.91324014201062,0
572,7,2.465145544826089,6.271016121306863,0
573,2,1.211743742275273,21.272042404968307,0
574,2,4.0197301591402015,22.56044324724413,1
575,4,4.82070064191253,49.91743249800136,1
576,6,1.9606063840880568,39.89976940564509,0
577,9,2.294098454948152,32.70072433205934,1
578,11,1.7352515579272598,3.6104040538401287,0
579,4,3.3077444933793587,38.25507419226441,1
580,7,1.6193655785898198,20.812730387567637,0
581,7,2.424775773845518,67.35766937684535,0
582,3,3.788052055737052,75.72349862844453,1
583,7,3.2404639320373936,1.702082086781672,1
584,5,2.545850257311741,51.55107057791756,0
585,2,2.680998407230168,1.152789444323758,0
586,9,3.248443530492918,13.726585914924332,0
587,6,1.0234589115486452,23.44623834175704,0
588,3,1.3140394738144394,4.808612021987887,0
589,6,4.525032271052046,41.14971775070391,0
590,3,1.311515956365163,0.2516940098524897,1
591,2,3.8272143848420206,5.539293228893375,0
592,8,4.68015265643621,26.08198750894396,0
593,4,2.0827344172069244,37.59358497526205,0
594,5,2.481965748238057,74.53871766258713,0
595,4,3.275685623378865,36.673947219362255,0
596,3,4.526835878554339,33.42206821175,0
597,4,4.76762234904168,15.043151976023609,1
598,3,3.958252992445072,0.0385575332482808,1
599,11,1.346479043418776,3.840430911717648,0
600,6,3.676616622139403,22.942810910608948,0
601,5,2.6412148874906483,33.72989475855918,0
602,5,2.8828039979642464,16.210119434186844,1
603,5,1.1965935613807082,39.35554035186716,1
604,3,1.7642485573854327,22.13569508700287,0
605,6,4.162054430134591,2.312140153815353,0
606,4,2.815835332191439,6.396399997421925,1
607,5,2.2066489665245954,54.97711077253831,0
608,3,2.5360762958598326,38.72000839913308,0
609,7,4.41759805330272,67.54592111282284,1
610,3,3.995996069619828,3.751840914122226,1
611,6,2.089261588724331,138.8302497485839,0
612,7,1.4700073608494932,7.049148611298748,0
613,1,2.007992886576287,0.3554942630751252,0
614,6,4.683025804218935,178.83317092313905,0
615,4,3.3263553513990214,9.899900638180098,0
616,2,3.1339208349791314,33.080367110625666,0
617,2,3.385574398769846,5.83239429843774,1
618,5,2.464113062986061,26.04134520233201,1
619,5,4.228428081278051,70.31314788523511,0
620,3,3.0931449972009992,11.577868169930834,0
621,5,1.4669916110751822,33.28297635634022,0
622,11,1.5162604993162518,6.244086385853653,0
623,2,3.1474365860104734,29.408513951472628,0
624,6,4.746280872283357,12.304548009119785,0
625,5,2.233408486704795,7.117588366824966,1
626,3,4.478164675436873,11.270580468690849,0
627,4,4.056382346315518,5.911158163443663,1
628,10,1.9912497716276276,69.65796372109098,1
629,1,1.1453629932649698,15.184441735495508,0
630,8,1.407389060569531,8.442226156239897,0
631,3,3.913975735389761,17.848390446113616,1
632,5,1.7986789521625868,11.593538172722862,1
633,4,2.485083682021575,40.92650661672623,0
634,11,3.0067966640257,106.4421454761002,0
635,3,3.9018726738006513,17.289399547323796,0
636,4,1.4529248930365015,59.2056498688561,1
637,3,2.625465621109846,25.031858877912917,0
638,3,2.9402916365707816,5.132037460051995,0
639,8,3.1633082558861587,35.195815420886355,1
640,1,4.273442565580867,21.611512360874247,0
641,5,1.6867127801728676,31.546696539753206,0
642,7,4.231325807306489,66.13311717910068,0
643,3,3.771513710786609,17.41784446620682,1
644,7,3.2234832567958374,69.43293642654069,0
645,5,3.798111481610288,41.66922015864693,0
646,7,2.648070955806625,20.118385449436406,0
647,5,1.5535903438724985,27.731360716674605,0
648,7,3.663060961061469,11.817116879819231,0
649,5,3.098689226742489,123.30927922891726,0
650,4,3.557499202171102,33.02003667356981,0
651,5,2.35199512411396,1.3451154788260138,1
652,11,4.627466309359344,11.863449085578006,1
653,7,3.349479474302308,29.290334440251527,0
654,6,1.3416099371634953,1.7394667106723956,0
655,3,2.7992159628177147,0.7252212951857407,0
656,0,4.025424218974537,17.936432207866375,1
657,10,4.1765382469290895,12.135025281015714,0
658,5,2.978388211055035,17.303547039439827,0
659,5,4.578990283325204,9.142540206535775,0
660,3,2.0706737487771902,5.39956750909642,0
661,4,2.6423947889530663,35.052702839879444,0
662,2,4.59438764227588,21.681674473478317,0
663,2,4.585026865886316,6.700090018718939,0
664,7,3.742851075298724,11.55176634314968,1
665,3,4.435922188488881,26.880522024770958,0
666,1,1.3550930678249309,2.2491215782704947,0
667,3,4.459979904831105,4.785808507445592,0
668,7,2.282479626200907,2.282000808603033,0
669,5,1.7133260497128653,50.19008046889999,0
670,5,1.9574793453681851,41.87934089121356,0
671,4,2.6718740320555483,41.989040288237774,0
672,5,2.004768018417869,37.79781819342177,0
673,5,2.282270344065996,33.204060121032335,0
674,3,1.5399139442865684,19.444750706062948,0
675,3,2.184707062235994,30.83998762900839,1
676,6,3.2891352581680047,1.173502066159034,0
677,6,2.767414832364256,29.1433564469755,0
678,4,2.3868750449436447,45.13581518478917,0
679,9,3.985808515428456,20.81592474887537,0
680,6,4.574039885573272,13.272276211853008,0
681,5,4.027156891609588,9.74809377050848,0
682,5,2.3280028084707167,30.883955085953087,1
683,4,3.977768671350215,35.407805385188986,0
684,10,1.6079207298962048,61.430752269017,0
685,6,1.5212719523651637,12.5717460209159,1
686,2,2.382508148144636,44.06059475595696,1
687,4,4.230809476176228,24.722001840831688,0
688,3,1.9853929889692077,64.32554412685323,0
689,2,1.2530136355947183,22.511348908883978,0
690,5,1.5268381408254204,21.8713040643012,0
691,6,4.434979874118321,25.873761934572816,0
692,5,3.5351331389891505,41.50678574298077,0
693,10,2.0128046534799067,100.30807889513596,1
694,5,3.2211833013127253,2.2922884725624444,0
695,5,3.1103184897014016,1.6474564972160362,0
696,4,3.621743913762645,83.201833357945,0
697,4,1.9327502176864653,22.64273978185368,1
698,3,4.457611948777591,28.627801986079596,0
699,6,2.237474248320052,19.757944049105248,0
700,4,3.776526615904948,2.9501387029966706,0
701,2,1.0644985854888596,43.84209700046897,0
702,9,2.490628519576589,41.2576232983524,0
703,5,2.406839271835233,11.20605945709307,0
704,9,3.173937714332058,10.968843350045294,0
705,5,1.290945047108786,54.57540877716674,0
706,5,4.160525494904434,2.253257889977611,0
707,1,1.871123207070274,63.88547328329643,0
708,5,3.708151259528041,8.898120240336151,0
709,8,4.212848492976373,26.96713858318436,0
710,6,3.2475078249660525,82.46343739983674,0
711,2,3.963532826887942,34.00752736134055,0
712,5,3.647441248860022,16.055076806953096,1
713,5,2.4221191886080304,35.09044671859751,0
714,4,4.235434156134261,12.646903449575758,0
715,6,2.178805479542112,9.741106291509512,0
716,5,3.2848516710060687,171.2633494052278,1
717,6,3.981590956566158,41.68380876342012,1
718,5,2.5158236392500304,31.045470130059467,0
719,4,2.2110704304697,13.168623668952735,0
720,7,2.837384040691291,1.5123103970758938,0
721,5,4.271853977396614,0.9464809323822204,0
722,7,4.719687052582659,24.235284357523696,1
723,6,3.1803336514395606,43.06866294359169,0
724,4,3.645864821294608,23.1254263886366,0
725,8,4.613094488955657,55.125007222237386,1
726,4,1.3941874056517696,1.0199390960543384,1
727,3,1.92831431146466,13.706798073133482,0
728,5,3.83560002500633,8.117685232557195,0
729,10,4.294977847649198,17.786730378929178,0
730,6,4.428116113322312,2.25387673759934,1
731,4,2.6604287074197304,92.45939275438796,1
732,3,1.3573596091674671,7.5793105246091805,0
733,3,2.75112590919848,76.65000291569208,0
734,5,1.9229383608282151,16.648192768007686,1
735,2,2.1647858199864967,127.05817135722975,0
736,6,4.089070227350023,24.22701720450411,0
737,2,1.3021083441035477,80.13688335006373,1
738,5,4.310324869922809,0.1609003726290827,0
739,2,2.7106763432966763,41.37822853031277,0
740,6,3.3842557244023803,70.00699901412618,1
741,3,1.358608924942716,4.514940611785437,1
742,5,2.3494363134291185,3.031954343980385,0
743,2,1.3588036760593831,16.57926667316559,0
744,6,4.846174891524438,81.39741823552569,0
745,6,4.229046597305002,23.45191407403929,0
746,7,2.838531017425841,22.48876188064582,0
747,6,1.8944101932946844,4.563995630491745,1
748,6,4.733820420999409,0.023694687637216,0
749,4,2.378386382907887,49.84406395465411,0
750,4,1.643937726749499,2.7494672917739758,0
751,7,3.25265755381582,30.141350952581845,1
752,5,4.775096481379265,73.81805617721693,0
753,5,1.0153211620012903,7.020520463819357,0
754,8,1.952499373015995,32.83318546556327,0
755,4,4.753790561641631,2.459040539830899,0
756,2,1.6843438674286482,27.771688055056945,0
757,3,1.4529738065592794,5.371349871947417,0
758,4,3.280748863199218,39.94890852498571,0
759,6,4.44737529317932,10.75306456036238,0
760,9,2.9084392707757045,18.67456755808066,0
761,3,4.978257026738099,27.44604298094646,0
762,5,3.7166867981519713,5.635949581363301,0
763,3,1.296299628841791,40.60178623992724,0
764,2,4.971328526727902,10.813619722355162,0
765,4,2.6315769471207617,32.57430499185094,0
766,9,2.14961013538193,5.16934457945805,0
767,4,3.2315167343115423,34.95387825415351,0
768,5,2.217230367283457,4.115446744917231,0
769,8,1.3458300284806093,16.620162719197705,0
770,8,1.0057133723167069,8.518912768222439,1
771,5,2.798333411681049,41.39449158876455,1
772,3,4.347453688906369,9.115766612631251,0
773,9,3.289260742520306,64.0403343341225,0
774,2,4.996829195773763,66.71882180257151,0
775,8,2.1473865825888,6.561151801034854,0
776,7,2.1218202590402213,28.54556648824185,0
777,6,1.6389978409357768,2.754172003434276,0
778,9,1.6562543530613407,14.904580120677917,0
779,3,2.1407463840401912,37.48184102213973,1
780,6,4.1713601810941086,32.3134429717505,0
781,7,4.623027162545792,29.40094069500344,1
782,7,4.900348678830725,9.961178574296342,1
783,5,1.9291586163858103,14.24565896034966,0
784,5,4.525190182456367,3.259181381176487,0
785,1,2.313020357109348,38.08445473361103,0
786,7,1.4513621780675376,21.02865532106052,0
787,4,4.480099702080663,37.00880846497471,0
788,7,3.5444225385744743,8.588232901236504,0
789,5,1.658923584324247,11.766320411005616,0
790,5,2.71932503005201,12.203669698299036,1
791,3,2.1490307795082706,0.7823863177812583,0
792,5,3.947178274840788,12.51313175333702,1
793,5,2.813664922497072,48.78296415278976,0
794,4,4.95711978042554,68.2778554536648,1
795,3,1.2189799290383805,21.90792613627454,0
796,3,2.4200610645449867,18.236713498927053,0
797,5,2.9276006684399096,0.9392907424242948,1
798,10,3.012534218993279,63.40964703869591,0
799,2,2.263743289542547,0.3928676265422503,0
800,5,3.916960996390272,86.87665171061603,0
801,3,4.4989882939558985,20.154268968119037,0
802,4,4.754877207911452,12.553523963225183,0
803,6,4.220373507198104,77.39700658924977,1
804,3,4.402320789226398,0.7408014158554657,0
805,4,3.202181202479982,26.12696827427104,0
806,4,4.303552905707258,23.884150127606137,1
807,5,2.214015636591809,7.427713744343915,0
808,8,2.5939150484368576,16.80506837285628,0
809,5,2.267652055274177,31.68935174665118,1
810,6,2.8695493417917017,38.96292521907792,0
811,3,2.142318464954545,0.0215134731792926,0
812,4,4.846445769017787,82.86890244674443,0
813,5,2.2513785120226726,5.392658979677985,0
814,6,1.3921781524437593,7.980765695760418,0
815,7,3.1072686642016536,9.1742996700838,0
816,5,1.2283963137807057,1.156616326550589,1
817,2,1.442172665234322,3.939231670339973,0
818,6,1.8775575567849847,128.820303367523,0
819,4,2.8574009995285667,11.359586871505725,1
820,2,2.733003729236112,3.675237207985709,0
821,4,4.198767448011164,3.3947673670453478,1
822,2,3.9578986155364535,38.13116539345455,0
823,3,2.7052731759628053,57.84153664526777,1
824,4,2.33481683030252,8.909851094132682,0
825,7,2.2658751362459943,0.6339363616837668,0
826,5,4.0959803491760365,7.572923675432779,0
827,5,1.208289624885079,1.745266341811084,0
828,7,1.0512865980424233,3.2741939992762683,1
829,9,4.182177567706592,16.943047464808686,0
830,7,2.908585503956197,7.8377627365577665,0
831,6,1.523524554214304,21.766756718657064,1
832,6,1.942263738378005,8.770538819898952,0
833,9,4.73001581238953,84.67218216940765,0
834,2,4.438011902499592,70.9159376522987,0
835,3,3.83914020089589,25.0970957032965,0
836,9,2.9289009213493062,13.128369750810345,0
837,3,3.081294504765543,14.39661971061874,1
838,8,4.900978141135834,15.923314304752289,0
839,5,4.8630817755371485,39.012233929720125,0
840,4,1.861076183143337,18.024643248739817,1
841,9,4.244418265221272,58.29071831091825,0
842,2,1.7889706646680672,86.52292884666497,0
843,5,1.8541499115358056,12.28176115454503,0
844,10,3.704372136658307,24.6768049729743,0
845,5,2.6200043943501936,2.996484266155132,0
846,4,4.726177628426081,6.711900989067239,0
847,7,1.356038939584035,16.005727314341016,0
848,3,3.046102563237972,6.927814800961335,1
849,6,4.6740861217724845,62.76012140593423,0
850,3,4.61645464191802,5.169458823296087,1
851,3,1.6261168536629649,18.245482098692715,0
852,4,2.466550800385826,27.919239354009715,0
853,1,3.476485600186785,35.31641210933454,0
854,2,1.6375795390856087,14.489960762178084,1
855,4,4.872088688182955,60.99943475067632,0
856,5,4.658997314910641,25.20206218231735,0
857,8,1.6678007161378767,17.36819753485879,1
858,7,1.4846218450439417,2.0882407713382065,0
859,7,1.3416339312330612,18.747248029779755,1
860,2,4.637774656146524,51.56684434070849,0
861,6,1.7744952391818432,28.59961482867729,1
862,8,2.665139714177419,53.54276261684313,1
863,6,2.795405462608012,20.43725023158494,0
864,4,3.39604417685427,3.7826050560034505,0
865,4,1.2869413749896998,0.4120116947597472,0
866,4,1.907034469602064,10.838547178778573,1
867,1,4.725961547675704,35.91890132319561,0
868,6,4.633640429074278,46.856584577653344,0
869,8,4.125162589622769,10.518776917612426,0
870,7,1.0776049824728615,20.534777449291838,0
871,7,2.3080270739844084,16.399745526469218,0
872,6,3.511834941371631,15.85557630152812,0
873,6,2.1007608470939028,7.893536265635316,0
874,4,4.638346780215109,4.3983636647434645,0
875,3,3.5355578473297675,6.57038377341248,0
876,6,1.2876268692657824,1.7076643742623752,0
877,3,4.636022355342812,6.624291124047869,1
878,10,4.83106663270489,0.2773046198266908,1
879,5,1.310849673566902,29.606095875260884,0
880,6,3.12944093944526,11.410390597143524,0
881,6,2.2134571288566818,108.51877530246963,0
882,4,2.571356305925609,6.459616333589823,0
883,6,1.7186048718213676,12.731575108943764,0
884,5,3.31228840804965,13.287587683451015,0
885,3,4.831917412995562,0.2546223739007316,0
886,2,3.012290401086436,54.82930147983099,1
887,3,1.3316583255779246,0.9755240619160864,0
888,2,3.480005333909633,84.49237388949315,0
889,8,2.360891977805028,66.78938174972626,0
890,7,4.423700758365191,23.005227118273798,1
891,4,2.738712593265881,23.531278962127807,0
892,3,1.7713584357689824,31.82024605947544,0
893,3,1.7644224907645798,14.68415795737075,0
894,6,4.075056722884641,31.2575135520847,0
895,5,2.06235039322944,1.3740432891690837,0
896,1,4.068933576636892,1.6668917169994415,0
897,8,1.823549243066397,18.332111838967947,0
898,9,2.2867454748052376,23.93006152150442,0
899,4,2.861947889758797,65.62888561495889,0
900,7,4.772783398773803,3.316573577600095,1
901,3,4.726925699015299,51.888552305190224,0
902,7,1.8274875016891512,7.07346767817765,1
903,5,2.432876164972291,15.03040008855923,0
904,6,1.5975975538150893,11.420355063653052,0
905,8,3.0399403172539885,15.3325333609923,0
906,2,2.8423302027786663,4.893061151449342,0
907,4,4.60304064980293,21.00938826666304,1
908,9,4.7200215111642905,48.53054320992779,1
909,4,2.5342695640291684,17.476846747820428,0
910,4,2.9669517720759577,20.236451026619687,0
911,3,4.584944996584532,56.66812365460133,0
912,4,4.226831230980245,36.73119600058063,0
913,4,1.014625245378597,20.22707842605704,0
914,6,2.28023825673433,8.939878268159832,0
915,7,2.687096967744504,64.86559108350735,1
916,3,1.9188651347329269,25.81293996137865,0
917,6,1.798286463583755,7.498012131885976,1
918,8,1.151138026382719,9.405169588518152,1
919,7,3.573478900279042,48.756820707198486,1
920,3,2.0500411619326626,1.3544891736439917,0
921,4,1.2093887137252524,145.19712073613022,0
922,6,1.9239172421122543,4.18999135840593,0
923,8,4.207655811344506,47.69913751129315,0
924,3,4.4059567265861865,15.064665379735947,0
925,4,2.93226498077321,20.33098438894513,1
926,3,2.6642826816347447,63.770992938656654,1
927,8,4.911414774007128,15.97737525537964,1
928,1,1.80225863835228,23.13285649648415,1
929,3,1.861437131418434,1.5166910556029212,0
930,7,2.167468708145599,0.0705070051158346,0
931,5,1.6910292731243493,8.423174879573182,0
932,9,2.5174623928167463,34.23774332166889,0
933,5,4.643336907959015,3.878153530409662,1
934,4,3.461391362514297,3.623090848242721,0
935,5,2.6477861944490546,15.877866545133823,0
936,7,4.737643178284859,31.30983756050717,0
937,3,1.1938569299032893,37.351344095332855,0
938,6,1.8411047116074453,5.896898988145173,0
939,7,3.263554420407036,2.488021296347443,1
940,4,3.4622104927727166,84.60149820404283,0
941,4,1.1582300262504526,9.060180464061904,0
942,4,2.6121550316285287,57.59047803568217,0
943,3,3.596615859323491,59.741040970395616,0
944,4,3.7922821856136064,44.42113049918671,0
945,2,3.552559610065077,5.547758145065599,1
946,7,2.282252897443698,51.745708585059006,0
947,6,1.374080494391638,43.9926848755286,0
948,7,2.7084497856773364,27.24394751106489,0
949,5,1.515017749472222,12.338551919914083,0
950,4,4.790494634082668,9.135025729149406,0
951,5,2.900683464090513,3.899475334994876,0
952,4,2.2690366974274703,21.38562686705149,0
953,7,4.0652162844756,26.40316716298489,1
954,5,2.9917943703290555,13.357644249255202,0
955,6,2.2401360960498,19.35123566468564,0
956,5,4.247870969563207,13.553807252955538,0
957,2,4.468608604004488,30.73349290187455,0
958,4,3.692032665154708,69.45771369173562,1
959,4,1.1878576896306692,5.370938703576858,1
960,6,3.2652915206661284,14.409319815371404,0
961,11,4.053179647989126,4.555002141808414,1
962,6,1.5460120483343287,29.420379560199788,1
963,8,1.9146830055384132,39.15476242377024,1
964,5,4.529980420272546,80.60895157299639,0
965,3,1.080486887412296,9.808155719766264,0
966,5,4.010908551303904,89.99896012949563,0
967,1,2.895093170057692,1.960571064915034,1
968,8,2.7870886353584274,27.715617576554973,0
969,6,1.0283861299795487,1.76489243607355,0
970,4,4.277592923865971,67.26564439853651,0
971,7,2.439299602546266,22.63849215680511,0
972,1,3.163062525202172,33.20069631029966,0
973,7,3.7092027453426377,53.43775064695581,1
974,3,3.810518305751663,4.886533035090772,0
975,9,4.823920235304289,1.1806784013775828,1
976,4,3.1253598129464364,63.32948850927367,0
977,2,2.5988782038977103,11.347169019253702,0
978,4,4.814814505966831,4.142672594860664,0
979,6,3.5684409401020845,18.959374580906942,0
980,2,2.1926014251062225,27.36194588070766,0
981,1,1.5058569816142846,0.9438099157876714,0
982,7,4.370218005860725,9.64319144512514,0
983,7,2.4487264111766063,1.0004954908468775,1
984,6,3.6418788854577246,16.35916799791457,0
985,8,2.8832656774635925,67.64244121995567,0
986,7,1.7957191191801534,121.62905319699676,0
987,5,3.4067464344818603,30.404503640583638,0
988,6,1.2427322758027293,5.289147768470735,0
989,6,2.653369839484769,70.88578634609264,0
990,7,3.186459758654684,21.785476044103007,0
991,6,2.7441878964743163,5.008189256372294,0
992,3,3.9946887010039633,76.42645020085676,0
993,3,4.31169981818125,42.49877852591934,1
994,1,4.084972296132712,39.4700752225469,0
995,5,1.1552517912472084,37.05159539802382,0
996,3,1.7765150817838888,6.707052537834044,1
997,9,3.1464300370550973,7.109923182715384,0
998,8,4.739288161775205,34.97074889772738,0
999,4,4.339827100208467,7.443179216368952,0
1000,2,4.370138033407207,17.323480018160616,0
